{"cameraMode":{"drawMode":0,"name":"Shaded","section":"Shading Mode"},"sceneLighting":true,"audioPlay":false,"sceneViewState":{"m_AlwaysRefresh":false,"showFog":true,"showSkybox":true,"showFlares":true,"showImageEffects":true,"showParticleSystems":true,"showVisualEffectGraphs":true,"m_FxEnabled":true},"in2DMode":false,"pivot":{"x":-5.696312427520752,"y":1.6257411241531373,"z":-20.67379379272461},"rotation":{"x":-0.026010707020759584,"y":-0.08056847751140595,"z":-0.0021475038956850769,"w":0.9964470863342285},"size":2.167151689529419,"orthographic":false}