{"cameraMode":{"drawMode":0,"name":"Shaded","section":"Shading Mode"},"sceneLighting":false,"audioPlay":false,"sceneViewState":{"m_AlwaysRefresh":false,"showFog":true,"showSkybox":false,"showFlares":true,"showImageEffects":true,"showParticleSystems":true,"showVisualEffectGraphs":true,"m_FxEnabled":true},"in2DMode":false,"pivot":{"x":10.150495529174805,"y":1.7872663736343384,"z":-1.6176023483276368},"rotation":{"x":0.0939406082034111,"y":-0.23804008960723878,"z":0.023136397823691369,"w":0.9664319157600403},"size":2.651935577392578,"orthographic":false}